fold,acc_clean,acc_5dB,acc_0dB,acc_-5dB
1,0.005852842809364548,0.0008361204013377926,0.0,0.0008361204013377926
2,0.006688963210702341,0.0016722408026755853,0.0008361204013377926,0.0
3,0.004180602006688963,0.0,0.0008361204013377926,0.0008361204013377926
4,0.005016722408026756,0.0008361204013377926,0.0008361204013377926,0.0008361204013377926
5,0.002508361204013378,0.0008361204013377926,0.0008361204013377926,0.0008361204013377926
