fold,clean_acc
1,0.015050167217850685
2,0.020903009921312332
3,0.015050167217850685
4,0.021739130839705467
5,0.022575251758098602
