metric,mean,std
clean_acc,0.0190635453909635,0.0033193034685531
acc_clean,0.019063545150501675,0.003319303217605218
acc_5dB,0.004180602006688963,0.001906647868058759
acc_0dB,0.003678929765886287,0.0014578257336256434
acc_-5dB,0.0011705685618729096,0.00040961366936173544
