fold,clean_acc
1,0.005852842809364548
2,0.006688963210702341
3,0.004180602006688963
4,0.005016722408026756
5,0.002508361204013378
