metric,mean,std
clean_acc,0.0048494983277591,0.0014385159309435
acc_clean,0.004849498327759197,0.0014385159309435829
acc_5dB,0.0008361204013377926,0.0005288089732723043
acc_0dB,0.0006688963210702341,0.00033444816053511704
acc_-5dB,0.0006688963210702341,0.00033444816053511704
